i,ml,mom,gmm,cue,el
1,0.0049999999999954525,0.3530000000000655,7.791000000000054,2.185000000000059,32.391000000000076
