i,ml,mom,gmm,cue,el
1,0.007000000000005002,0.5929999999999609,9.192999999999984,4.509999999999991,25.950999999999965
