i,ml,mom,gmm,cue,el
1,0.024999999999977263,0.6510000000000673,10.971000000000004,15.355999999999995,26.529999999999973
