i,ml,mom,gmm,cue,el
1,0.009999999999990905,0.8630000000000564,10.394999999999982,4.767000000000053,27.04300000000012
