i,ml,mom,gmm,cue,el
1,0.0049999999999954525,0.39800000000002456,7.411999999999978,2.132000000000005,30.845000000000027
