i,ml,mom,gmm,cue,el
1,0.010999999999967258,0.23599999999999,1.2699999999999818,0.8179999999999836,3.5499999999999545
