i,ml,mom,gmm,cue,el
1,0.01100000000000012,0.899,14.011000000000001,10.547,172.342
