i,ml,mom,gmm,cue,el
1,0.007999999999999119,0.15199999999999747,0.963000000000001,0.4039999999999999,1.5379999999999967
