i,ml,mom,gmm,cue,el
1,0.019999999999999574,0.9589999999999996,13.234000000000002,10.355,161.707
