i,ml,mom,gmm,cue,el
1,0.005999999999971806,0.436999999999955,8.774000000000001,3.7270000000000323,67.39799999999997
