i,ml,mom,gmm,cue,el
1,0.007999999999981355,0.5129999999999768,8.575000000000017,3.4879999999999995,66.161
