i,ml,mom,gmm,cue,el
1,0.004999999999999005,0.13100000000000023,1.0399999999999991,0.2849999999999966,1.456000000000003
