i,ml,mom,gmm,cue,el
1,0.010999999999999899,0.29000000000000004,1.6800000000000002,0.9039999999999999,8.722000000000001
2,0.008999999999999897,0.23399999999999999,1.456,0.73,3.6990000000000003
