i,var,beta,ml,mom,gmm,cue,el
1,x1,1,0.9915396134491317,0.976331848161092,0.9955754181819347,1.0015565263785486,0.9837994542532539
1,x2,1,1.2442192381343056,1.245045291626845,1.2755647213516799,1.267321571329813,1.251912759150768
1,x3,1,0.8781285359860304,0.879551416000633,0.9016393917245221,0.8987404115184359,0.8751360735610739
1,x4,1,1.2398195671837304,1.199188145255472,1.1846187583771484,1.197209080439087,1.1756927596661737
1,x5,1,1.07050653649664,1.0427595467460704,1.0710164553530752,1.066521903211827,1.0522765645584158
